scarves for hair',false
baewatch,true
comfort by real,I'm not sure. It could be either true or false depending on the context. Can you please provide more information or clarify your query?
purse back packs,false
mini squeeze pouch,false
multi charging tool,false
greek key trim,false
obsidian pendant,false
juventus,false
chetah print pants,false
german wooden ornaments,false
lampe de table rechargeable,false
alpaca snacks,false
wooden rustic crowbel,true
ma ruche bio,false
crochet tank top aztec,false
mexican dinneware,true
kid garment dye,false
keepsake studio,false
aaahh real monsters,true
floral printed midi dress,false
